dt,x,y,position,velocity,acceleration,jerk,heading
0.005000,0.735623,11.302488,0.000009,0.003740,0.747909,149.581789,6.283175
0.005000,0.735623,11.302488,0.000009,0.000017,-0.744469,-298.475522,6.283175
0.005000,0.735622,11.302488,0.000010,0.000039,0.004301,149.753868,6.283175
0.005000,0.735622,11.302488,0.000010,0.000069,0.006022,0.344237,6.283175
0.005000,0.735622,11.302488,0.000010,0.000103,0.006884,0.172446,6.283176
0.005000,0.735621,11.302488,0.000011,0.000138,0.006887,0.000644,6.283176
0.005000,0.735620,11.302488,0.000012,0.000172,0.006892,0.000858,6.283177
0.005000,0.735619,11.302488,0.000013,0.000207,0.006897,0.001073,6.283178
0.005000,0.735618,11.302488,0.000014,0.000241,0.006903,0.001287,6.283179
0.005000,0.735616,11.302488,0.000016,0.000276,0.006911,0.001502,6.283180
0.005000,0.735615,11.302488,0.000017,0.000310,0.006919,0.001716,6.283181
0.005000,0.735613,11.302488,0.000019,0.000345,0.006929,0.001931,6.283183
0.005000,0.735611,11.302488,0.000021,0.000380,0.006940,0.002145,6.283184
0.005000,0.735884,11.302488,0.000293,0.054483,10.820742,2162.760343,0.000001
0.005000,0.736854,11.302488,0.001263,0.194007,27.904758,3416.803288,0.000002
0.005000,0.737898,11.302488,0.002308,0.208930,2.984657,-4984.020300,0.000004
0.005000,0.739018,11.302488,0.003427,0.223854,2.984641,-0.003045,0.000006
0.005000,0.740212,11.302488,0.004621,0.238777,2.984625,-0.003262,0.000009
0.005000,0.741480,11.302488,0.005890,0.253700,2.984609,-0.003214,0.000011
0.005000,0.742823,11.302488,0.007233,0.268623,2.984594,-0.002897,0.000013
0.005000,0.744241,11.302488,0.008650,0.283546,2.984570,-0.004906,0.000016
0.005000,0.745733,11.302488,0.010143,0.298468,2.984549,-0.004132,0.000019
0.005000,0.747300,11.302488,0.011710,0.313391,2.984530,-0.003867,0.000022
0.005000,0.748942,11.302488,0.013351,0.328314,2.984510,-0.003901,0.000025
0.005000,0.750658,11.302488,0.015067,0.343236,2.984481,-0.005859,0.000028
0.005000,0.752449,11.302488,0.016858,0.358158,2.984456,-0.004970,0.000031
0.005000,0.754314,11.302488,0.018724,0.373080,2.984439,-0.003425,0.000035
0.005000,0.756254,11.302488,0.020664,0.388002,2.984403,-0.007191,0.000038
0.005000,0.758269,11.302488,0.022678,0.402924,2.984376,-0.005405,0.000042
0.005000,0.760358,11.302488,0.024768,0.417846,2.984355,-0.004284,0.000046
0.005000,0.762522,11.302488,0.026931,0.432768,2.984315,-0.007855,0.000050
0.005000,0.764760,11.302488,0.029170,0.447689,2.984290,-0.005166,0.000055
0.005000,0.767073,11.302489,0.031483,0.462610,2.984257,-0.006492,0.000059
0.005000,0.769461,11.302489,0.033871,0.477532,2.984219,-0.007606,0.000063
0.005000,0.771923,11.302489,0.036333,0.492452,2.984194,-0.004965,0.000068
0.005000,0.774460,11.302489,0.038870,0.507373,2.984148,-0.009341,0.000073
0.005000,0.777072,11.302489,0.041481,0.522294,2.984122,-0.005132,0.000078
0.005000,0.779758,11.302489,0.044167,0.537214,2.984075,-0.009437,0.000083
0.005000,0.782518,11.302490,0.046928,0.552134,2.984044,-0.006085,0.000088
0.005000,0.785354,11.302490,0.049763,0.567054,2.983997,-0.009413,0.000094
0.005000,0.788263,11.302490,0.052673,0.581974,2.983964,-0.006679,0.000099
0.005000,0.791248,11.302490,0.055657,0.596894,2.983914,-0.009992,0.000105
0.005000,0.794307,11.302491,0.058717,0.611813,2.983881,-0.006667,0.000111
0.005000,0.797441,11.302491,0.061850,0.626732,2.983826,-0.010967,0.000117
0.005000,0.800649,11.302492,0.065058,0.641651,2.983792,-0.006682,0.000123
0.005000,0.803932,11.302492,0.068341,0.656570,2.983736,-0.011219,0.000129
0.005000,0.807289,11.302492,0.071699,0.671488,2.983694,-0.008387,0.000136
0.005000,0.810721,11.302493,0.075131,0.686407,2.983646,-0.009685,0.000143
0.005000,0.814228,11.302493,0.078637,0.701325,2.983591,-0.010908,0.000150
0.005000,0.817809,11.302494,0.082219,0.716242,2.983551,-0.008115,0.000157
0.005000,0.821465,11.302495,0.085874,0.731160,2.983491,-0.011976,0.000164
0.005000,0.825195,11.302495,0.089605,0.746077,2.983438,-0.010585,0.000171
0.005000,0.829000,11.302496,0.093410,0.760994,2.983394,-0.008884,0.000179
0.005000,0.832880,11.302497,0.097289,0.775911,2.983330,-0.012754,0.000186
0.005000,0.836834,11.302497,0.101243,0.790827,2.983274,-0.011088,0.000194
0.005000,0.840863,11.302498,0.105272,0.805743,2.983224,-0.010072,0.000202
0.005000,0.844966,11.302499,0.109375,0.820659,2.983162,-0.012417,0.000210
0.005000,0.849144,11.302500,0.113553,0.835574,2.983101,-0.012145,0.000218
0.005000,0.853396,11.302501,0.117806,0.850490,2.983041,-0.011956,0.000227
0.005000,0.857723,11.302502,0.122133,0.865405,2.982986,-0.010991,0.000236
0.005000,0.862125,11.302503,0.126534,0.880319,2.982919,-0.013489,0.000245
0.005000,0.866601,11.302504,0.131011,0.895233,2.982855,-0.012764,0.000254
0.005000,0.871152,11.302505,0.135561,0.910147,2.982791,-0.012826,0.000263
0.005000,0.875777,11.302506,0.140187,0.925061,2.982726,-0.013043,0.000272
0.005000,0.880477,11.302508,0.144886,0.939974,2.982664,-0.012436,0.000282
0.005000,0.885251,11.302509,0.149661,0.954887,2.982592,-0.014244,0.000291
0.005000,0.890100,11.302510,0.154510,0.969800,2.982523,-0.013828,0.000301
0.005000,0.895024,11.302512,0.159433,0.984712,2.982454,-0.013913,0.000311
0.005000,0.900022,11.302514,0.164432,0.999624,2.982383,-0.014130,0.000322
0.005000,0.905095,11.302515,0.169504,1.014536,2.982311,-0.014348,0.000332
0.005000,0.910242,11.302517,0.174652,1.029447,2.982238,-0.014565,0.000343
0.005000,0.915464,11.302519,0.179873,1.044358,2.982165,-0.014783,0.000354
0.005000,0.920760,11.302521,0.185170,1.059268,2.982090,-0.015000,0.000365
0.005000,0.926131,11.302523,0.190541,1.074178,2.982013,-0.015218,0.000376
0.005000,0.931576,11.302525,0.195986,1.089088,2.981937,-0.015345,0.000388
0.005000,0.937096,11.302527,0.201506,1.103997,2.981858,-0.015747,0.000399
0.005000,0.942691,11.302529,0.207101,1.118906,2.981778,-0.015949,0.000411
0.005000,0.948360,11.302532,0.212770,1.133815,2.981698,-0.016090,0.000423
0.005000,0.954104,11.302534,0.218513,1.148723,2.981617,-0.016262,0.000435
0.005000,0.959922,11.302537,0.224331,1.163630,2.981535,-0.016377,0.000448
0.005000,0.965814,11.302539,0.230224,1.178538,2.981450,-0.016853,0.000460
0.005000,0.971782,11.302542,0.236191,1.193444,2.981366,-0.016960,0.000473
0.005000,0.977823,11.302545,0.242233,1.208351,2.981280,-0.017178,0.000486
0.005000,0.983940,11.302548,0.248349,1.223257,2.981193,-0.017396,0.000499
0.005000,0.990131,11.302551,0.254540,1.238162,2.981105,-0.017615,0.000513
0.005000,0.996396,11.302554,0.260805,1.253067,2.981015,-0.017833,0.000527
0.005000,1.002736,11.302558,0.267145,1.267972,2.980925,-0.018051,0.000540
0.005000,1.009150,11.302561,0.273560,1.282876,2.980834,-0.018269,0.000555
0.005000,1.015639,11.302565,0.280049,1.297780,2.980741,-0.018487,0.000569
0.005000,1.022202,11.302569,0.286612,1.312683,2.980653,-0.017647,0.000583
0.005000,1.028840,11.302573,0.293250,1.327586,2.980554,-0.019867,0.000598
0.005000,1.035553,11.302577,0.299962,1.342488,2.980458,-0.019168,0.000613
0.005000,1.042340,11.302581,0.306749,1.357390,2.980361,-0.019360,0.000628
0.005000,1.049201,11.302585,0.313611,1.372291,2.980263,-0.019578,0.000644
0.005000,1.056137,11.302590,0.320547,1.387192,2.980172,-0.018340,0.000660
0.005000,1.063148,11.302594,0.327557,1.402092,2.980065,-0.021313,0.000675
0.005000,1.070233,11.302599,0.334642,1.416992,2.979964,-0.020300,0.000692
0.005000,1.077392,11.302604,0.341802,1.431892,2.979862,-0.020297,0.000708
0.005000,1.084626,11.302609,0.349036,1.446790,2.979767,-0.019099,0.000725
0.005000,1.091934,11.302615,0.356344,1.461689,2.979654,-0.022523,0.000741
0.005000,1.099317,11.302620,0.363727,1.476586,2.979548,-0.021107,0.000759
0.005000,1.106775,11.302626,0.371184,1.491484,2.979451,-0.019559,0.000776
0.005000,1.114307,11.302632,0.378716,1.506380,2.979336,-0.022828,0.000793
0.005000,1.121913,11.302638,0.386323,1.521277,2.979226,-0.022152,0.000811
0.005000,1.129594,11.302644,0.394004,1.536172,2.979127,-0.019706,0.000829
0.005000,1.137349,11.302651,0.401759,1.551067,2.979006,-0.024222,0.000848
0.005000,1.145179,11.302658,0.409589,1.565962,2.978898,-0.021713,0.000866
0.005000,1.153083,11.302665,0.417493,1.580856,2.978789,-0.021650,0.000885
0.005000,1.161062,11.302672,0.425472,1.595749,2.978666,-0.024613,0.000904
0.005000,1.169115,11.302679,0.433525,1.610642,2.978564,-0.020378,0.000924
0.005000,1.177243,11.302687,0.441653,1.625534,2.978436,-0.025685,0.000943
0.005000,1.185445,11.302694,0.449855,1.640426,2.978328,-0.021565,0.000963
0.005000,1.193722,11.302702,0.458131,1.655317,2.978204,-0.024851,0.000983
0.005000,1.202073,11.302711,0.466482,1.670207,2.978089,-0.022923,0.001004
0.005000,1.210498,11.302719,0.474908,1.685097,2.977966,-0.024717,0.001024
0.005000,1.218998,11.302728,0.483408,1.699986,2.977848,-0.023575,0.001045
0.005000,1.227572,11.302737,0.491982,1.714875,2.977721,-0.025294,0.001067
0.005000,1.236221,11.302746,0.500631,1.729763,2.977604,-0.023511,0.001088
0.005000,1.244944,11.302756,0.509354,1.744650,2.977471,-0.026593,0.001110
0.005000,1.253742,11.302766,0.518152,1.759537,2.977357,-0.022721,0.001132
0.005000,1.262614,11.302776,0.527024,1.774423,2.977218,-0.027879,0.001155
0.005000,1.271561,11.302787,0.535970,1.789308,2.977101,-0.023429,0.001177
0.005000,1.280582,11.302797,0.544991,1.804193,2.976966,-0.026975,0.001200
0.005000,1.289677,11.302808,0.554087,1.819077,2.976835,-0.026225,0.001224
0.005000,1.298847,11.302820,0.563257,1.833961,2.976713,-0.024355,0.001247
0.005000,1.308091,11.302831,0.572501,1.848844,2.976570,-0.028485,0.001271
0.005000,1.317410,11.302843,0.581820,1.863726,2.976441,-0.025817,0.001295
0.005000,1.326803,11.302855,0.591213,1.878608,2.976312,-0.025897,0.001320
0.005000,1.336270,11.302868,0.600680,1.893489,2.976169,-0.028566,0.001344
0.005000,1.345812,11.302881,0.610222,1.908369,2.976034,-0.026985,0.001370
0.005000,1.355428,11.302894,0.619838,1.923248,2.975905,-0.025785,0.001395
0.005000,1.365119,11.302908,0.629529,1.938127,2.975758,-0.029471,0.001421
0.005000,1.374884,11.302922,0.639294,1.953005,2.975619,-0.027822,0.001447
0.005000,1.384723,11.302936,0.649133,1.967883,2.975481,-0.027522,0.001473
0.005000,1.394637,11.302951,0.659047,1.982759,2.975343,-0.027682,0.001500
0.005000,1.404625,11.302966,0.669035,1.997635,2.975194,-0.029654,0.001527
0.005000,1.414688,11.302982,0.679098,2.012510,2.975051,-0.028693,0.001554
0.005000,1.424825,11.302998,0.689235,2.027385,2.974906,-0.028911,0.001582
0.005000,1.435036,11.303014,0.699446,2.042259,2.974764,-0.028539,0.001610
0.005000,1.445322,11.303031,0.709732,2.057132,2.974617,-0.029374,0.001638
0.005000,1.455682,11.303048,0.720092,2.072004,2.974466,-0.030219,0.001667
0.005000,1.466116,11.303065,0.730526,2.086876,2.974317,-0.029784,0.001696
0.005000,1.476625,11.303083,0.741035,2.101747,2.974167,-0.030002,0.001726
0.005000,1.487208,11.303102,0.751618,2.116617,2.974016,-0.030220,0.001756
0.005000,1.497865,11.303121,0.762275,2.131486,2.973863,-0.030438,0.001786
0.005000,1.508597,11.303140,0.773007,2.146355,2.973710,-0.030657,0.001816
0.005000,1.519403,11.303160,0.783813,2.161222,2.973556,-0.030835,0.001847
0.005000,1.530284,11.303180,0.794694,2.176089,2.973402,-0.030774,0.001878
0.005000,1.541238,11.303201,0.805648,2.190956,2.973243,-0.031767,0.001910
0.005000,1.552267,11.303222,0.816677,2.205821,2.973086,-0.031531,0.001942
0.005000,1.563371,11.303244,0.827781,2.220686,2.972927,-0.031749,0.001974
0.005000,1.574549,11.303266,0.838959,2.235549,2.972767,-0.031968,0.002007
0.005000,1.585801,11.303289,0.850211,2.250413,2.972606,-0.032186,0.002040
0.005000,1.597127,11.303312,0.861537,2.265275,2.972444,-0.032405,0.002073
0.005000,1.608528,11.303336,0.872938,2.280136,2.972281,-0.032624,0.002107
0.005000,1.620003,11.303360,0.884413,2.294997,2.972117,-0.032842,0.002141
0.005000,1.631552,11.303385,0.895962,2.309856,2.971953,-0.032766,0.002176
0.005000,1.643175,11.303411,0.907586,2.324715,2.971786,-0.033297,0.002211
0.005000,1.654873,11.303437,0.919283,2.339574,2.971618,-0.033676,0.002247
0.005000,1.666645,11.303463,0.931056,2.354431,2.971450,-0.033717,0.002282
0.005000,1.678492,11.303491,0.942902,2.369287,2.971280,-0.033935,0.002319
0.005000,1.690412,11.303518,0.954823,2.384143,2.971109,-0.034154,0.002355
0.005000,1.702407,11.303547,0.966818,2.398997,2.970937,-0.034373,0.002392
0.005000,1.714477,11.303576,0.978887,2.413851,2.970764,-0.034592,0.002430
0.005000,1.726620,11.303606,0.991030,2.428704,2.970592,-0.034546,0.002468
0.005000,1.738838,11.303636,1.003248,2.443556,2.970421,-0.034195,0.002506
0.005000,1.751130,11.303667,1.015540,2.458407,2.970239,-0.036247,0.002545
0.005000,1.763496,11.303699,1.027907,2.473258,2.970062,-0.035467,0.002584
0.005000,1.775937,11.303731,1.040347,2.488107,2.969884,-0.035686,0.002624
0.005000,1.788451,11.303764,1.052862,2.502956,2.969707,-0.035229,0.002664
0.005000,1.801040,11.303798,1.065451,2.517803,2.969529,-0.035610,0.002704
0.005000,1.813703,11.303833,1.078114,2.532650,2.969342,-0.037430,0.002745
0.005000,1.826441,11.303868,1.090852,2.547496,2.969159,-0.036561,0.002787
0.005000,1.839253,11.303904,1.103663,2.562341,2.968982,-0.035478,0.002829
0.005000,1.852138,11.303941,1.116549,2.577185,2.968795,-0.037336,0.002871
0.005000,1.865098,11.303978,1.129509,2.592028,2.968605,-0.038079,0.002914
0.005000,1.878133,11.304016,1.142544,2.606870,2.968423,-0.036484,0.002957
0.005000,1.891241,11.304055,1.155652,2.621711,2.968238,-0.036993,0.003001
0.005000,1.904424,11.304095,1.168835,2.636551,2.968041,-0.039385,0.003045
0.005000,1.917681,11.304136,1.182092,2.651391,2.967858,-0.036598,0.003090
0.005000,1.931012,11.304177,1.195423,2.666229,2.967665,-0.038434,0.003135
0.005000,1.944417,11.304220,1.208828,2.681066,2.967466,-0.039797,0.003180
0.005000,1.957897,11.304263,1.222308,2.695903,2.967287,-0.035821,0.003226
0.005000,1.971450,11.304307,1.235862,2.710738,2.967079,-0.041659,0.003273
0.005000,1.985078,11.304352,1.249490,2.725573,2.966892,-0.037422,0.003320
0.005000,1.998780,11.304398,1.263192,2.740406,2.966693,-0.039838,0.003368
0.005000,2.012556,11.304444,1.276968,2.755238,2.966494,-0.039720,0.003416
0.005000,2.026406,11.304492,1.290818,2.770070,2.966300,-0.038813,0.003464
0.005000,2.040331,11.304541,1.304743,2.784900,2.966094,-0.041223,0.003514
0.005000,2.054329,11.304590,1.318741,2.799730,2.965901,-0.038582,0.003563
0.005000,2.068402,11.304641,1.332814,2.814558,2.965691,-0.041932,0.003613
0.005000,2.082549,11.304692,1.346961,2.829386,2.965496,-0.039142,0.003664
0.005000,2.096770,11.304745,1.361182,2.844212,2.965286,-0.041852,0.003715
0.005000,2.111065,11.304798,1.375477,2.859038,2.965084,-0.040491,0.003767
0.005000,2.125434,11.304853,1.389847,2.873862,2.964879,-0.040986,0.003819
0.005000,2.139877,11.304908,1.404290,2.888685,2.964666,-0.042621,0.003872
0.005000,2.154395,11.304965,1.418808,2.903508,2.964469,-0.039342,0.003925
0.005000,2.168986,11.305022,1.433399,2.918329,2.964247,-0.044395,0.003979
0.005000,2.183652,11.305081,1.448065,2.933149,2.964046,-0.040320,0.004034
0.005000,2.198392,11.305141,1.462805,2.947968,2.963832,-0.042765,0.004089
0.005000,2.213206,11.305202,1.477619,2.962787,2.963614,-0.043512,0.004144
0.005000,2.228093,11.305264,1.492507,2.977604,2.963411,-0.040636,0.004200
0.005000,2.243055,11.305327,1.507469,2.992420,2.963189,-0.044411,0.004257
0.005000,2.258091,11.305392,1.522505,3.007234,2.962971,-0.043520,0.004314
0.005000,2.273202,11.305457,1.537615,3.022048,2.962762,-0.041825,0.004372
0.005000,2.288386,11.305524,1.552800,3.036861,2.962541,-0.044309,0.004431
0.005000,2.303644,11.305592,1.568058,3.051672,2.962319,-0.044404,0.004490
0.005000,2.318976,11.305662,1.583390,3.066483,2.962099,-0.043866,0.004549
0.005000,2.334382,11.305732,1.598797,3.081292,2.961887,-0.042496,0.004609
0.005000,2.349863,11.305804,1.614277,3.096101,2.961656,-0.046144,0.004670
0.005000,2.365417,11.305877,1.629832,3.110908,2.961433,-0.044571,0.004732
0.005000,2.381046,11.305952,1.645460,3.125714,2.961209,-0.044790,0.004794
0.005000,2.396748,11.306027,1.661163,3.140519,2.960987,-0.044393,0.004856
0.005000,2.412524,11.306104,1.676940,3.155323,2.960761,-0.045228,0.004920
0.005000,2.428375,11.306183,1.692790,3.170125,2.960530,-0.046167,0.004983
0.005000,2.444299,11.306263,1.708715,3.184927,2.960302,-0.045665,0.005048
0.005000,2.460298,11.306344,1.724713,3.199727,2.960073,-0.045884,0.005113
0.005000,2.476370,11.306427,1.740786,3.214526,2.959842,-0.046103,0.005179
0.005000,2.492517,11.306511,1.756933,3.229324,2.959611,-0.046322,0.005245
0.005000,2.508737,11.306597,1.773153,3.244121,2.959379,-0.046259,0.005312
0.005000,2.525031,11.306684,1.789448,3.258917,2.959146,-0.046762,0.005380
0.005000,2.541400,11.306772,1.805816,3.273712,2.958909,-0.047354,0.005448
0.005000,2.557842,11.306862,1.822259,3.288505,2.958673,-0.047196,0.005517
0.005000,2.574358,11.306954,1.838776,3.303297,2.958436,-0.047414,0.005587
0.005000,2.590948,11.307047,1.855366,3.318088,2.958198,-0.047632,0.005657
0.005000,2.607612,11.307142,1.872030,3.332878,2.957958,-0.047851,0.005728
0.005000,2.624350,11.307239,1.888769,3.347667,2.957718,-0.048069,0.005800
0.005000,2.641162,11.307337,1.905581,3.362454,2.957477,-0.048287,0.005872
0.005000,2.658048,11.307437,1.922467,3.377240,2.957234,-0.048505,0.005945
0.005000,2.675008,11.307538,1.939427,3.392025,2.956990,-0.048722,0.006019
0.005000,2.692042,11.307641,1.956461,3.406809,2.956746,-0.048940,0.006094
0.005000,2.709150,11.307746,1.973569,3.421591,2.956500,-0.049157,0.006169
0.005000,2.726331,11.307853,1.990751,3.436373,2.956253,-0.049375,0.006245
0.005000,2.743586,11.307961,2.008007,3.451153,2.956005,-0.049533,0.006321
0.005000,2.760916,11.308071,2.025337,3.465931,2.955759,-0.049290,0.006399
0.005000,2.778319,11.308183,2.042740,3.480709,2.955506,-0.050532,0.006477
0.005000,2.795796,11.308297,2.060218,3.495485,2.955255,-0.050244,0.006555
0.005000,2.813347,11.308413,2.077769,3.510260,2.955003,-0.050461,0.006635
0.005000,2.830972,11.308531,2.095394,3.525034,2.954749,-0.050677,0.006715
0.005000,2.848670,11.308650,2.113093,3.539806,2.954495,-0.050892,0.006796
0.005000,2.866443,11.308772,2.130866,3.554578,2.954240,-0.051028,0.006878
0.005000,2.884289,11.308895,2.148713,3.569348,2.953988,-0.050360,0.006960
0.005000,2.902209,11.309021,2.166633,3.584116,2.953725,-0.052531,0.007043
0.005000,2.920203,11.309148,2.184628,3.598883,2.953466,-0.051756,0.007127
0.005000,2.938271,11.309278,2.202696,3.613650,2.953207,-0.051971,0.007212
0.005000,2.956413,11.309409,2.220838,3.628414,2.952949,-0.051473,0.007298
0.005000,2.974628,11.309543,2.239054,3.643178,2.952687,-0.052418,0.007384
0.005000,2.992917,11.309679,2.257344,3.657940,2.952421,-0.053270,0.007471
0.005000,3.011280,11.309817,2.275707,3.672701,2.952157,-0.052829,0.007559
0.005000,3.029717,11.309957,2.294144,3.687460,2.951898,-0.051687,0.007648
0.005000,3.048228,11.310100,2.312655,3.702218,2.951626,-0.054384,0.007737
0.005000,3.066812,11.310244,2.331240,3.716975,2.951358,-0.053672,0.007827
0.005000,3.085470,11.310391,2.349899,3.731730,2.951096,-0.052443,0.007918
0.005000,3.104202,11.310540,2.368631,3.746485,2.950822,-0.054682,0.008010
0.005000,3.123007,11.310692,2.387438,3.761237,2.950550,-0.054547,0.008103
0.005000,3.141887,11.310846,2.406318,3.775989,2.950286,-0.052643,0.008197
0.005000,3.160840,11.311002,2.425271,3.790739,2.950006,-0.056118,0.008291
0.005000,3.179866,11.311161,2.444299,3.805487,2.949735,-0.054078,0.008386
0.005000,3.198967,11.311322,2.463400,3.820235,2.949462,-0.054643,0.008482
0.005000,3.218141,11.311485,2.482575,3.834981,2.949182,-0.056108,0.008579
0.005000,3.237389,11.311651,2.501823,3.849725,2.948913,-0.053784,0.008677
0.005000,3.256711,11.311820,2.521146,3.864468,2.948626,-0.057324,0.008776
0.005000,3.276106,11.311991,2.540542,3.879210,2.948355,-0.054155,0.008875
0.005000,3.295575,11.312165,2.560012,3.893950,2.948068,-0.057448,0.008975
0.005000,3.315118,11.312341,2.579555,3.908689,2.947794,-0.054916,0.009077
0.005000,3.334734,11.312520,2.599172,3.923427,2.947505,-0.057641,0.009179
0.005000,3.354424,11.312702,2.618863,3.938163,2.947228,-0.055381,0.009282
0.005000,3.374188,11.312887,2.638627,3.952898,2.946937,-0.058212,0.009386
0.005000,3.394025,11.313074,2.658466,3.967631,2.946660,-0.055521,0.009491
0.005000,3.413936,11.313264,2.678377,3.982363,2.946366,-0.058690,0.009596
0.005000,3.433920,11.313457,2.698363,3.997093,2.946084,-0.056525,0.009703
0.005000,3.453978,11.313652,2.718422,4.011822,2.945793,-0.058182,0.009810
0.005000,3.474110,11.313851,2.738555,4.026550,2.945503,-0.057974,0.009919
0.005000,3.494306,11.314052,2.758752,4.039419,2.573781,-74.344462,0.010028
0.005000,3.514548,11.314257,2.778995,4.048572,1.830677,-148.620806,0.010138
0.005000,3.534810,11.314463,2.799258,4.052682,0.821947,-201.745922,0.010249
0.005000,3.555059,11.314672,2.819508,4.049892,-0.558052,-275.999710,0.010360
0.005000,3.575265,11.314882,2.839715,4.041531,-1.672159,-222.821458,0.010472
0.005000,3.595412,11.315094,2.859862,4.029457,-2.414742,-148.516542,0.010584
0.005000,3.615485,11.315308,2.879937,4.014999,-2.891540,-95.359596,0.010696
0.005000,3.635484,11.315523,2.899938,4.000015,-2.996923,-21.076714,0.010808
0.005000,3.655408,11.315739,2.919863,3.985032,-2.996633,0.057996,0.010920
0.005000,3.675257,11.315957,2.939713,3.970050,-2.996347,0.057216,0.011032
0.005000,3.695031,11.316177,2.959488,3.955070,-2.996058,0.057919,0.011144
0.005000,3.714731,11.316397,2.979189,3.940091,-2.995774,0.056648,0.011256
0.005000,3.734355,11.316619,2.998814,3.925113,-2.995487,0.057356,0.011369
0.005000,3.753904,11.316843,3.018365,3.910137,-2.995205,0.056451,0.011481
0.005000,3.773379,11.317067,3.037841,3.895163,-2.994921,0.056752,0.011594
0.005000,3.792779,11.317293,3.057242,3.880189,-2.994641,0.056149,0.011706
0.005000,3.812103,11.317521,3.076568,3.865218,-2.994360,0.056225,0.011819
0.005000,3.831353,11.317749,3.095819,3.850247,-2.994081,0.055814,0.011932
0.005000,3.850528,11.317979,3.114995,3.835278,-2.993802,0.055685,0.012045
0.005000,3.869628,11.318210,3.134097,3.820311,-2.993525,0.055498,0.012157
0.005000,3.888654,11.318443,3.153124,3.805344,-2.993249,0.055177,0.012270
0.005000,3.907604,11.318676,3.172076,3.790380,-2.992973,0.055077,0.012383
0.005000,3.926480,11.318911,3.190953,3.775416,-2.992699,0.054877,0.012496
0.005000,3.945281,11.319147,3.209755,3.760454,-2.992427,0.054373,0.012609
0.005000,3.964006,11.319384,3.228482,3.745493,-2.992154,0.054675,0.012722
0.005000,3.982658,11.319623,3.247135,3.730534,-2.991884,0.054016,0.012835
0.005000,4.001234,11.319862,3.265713,3.715576,-2.991614,0.053856,0.012947
0.005000,4.019736,11.320103,3.284216,3.700619,-2.991344,0.054029,0.013060
0.005000,4.038162,11.320344,3.302644,3.685664,-2.991077,0.053353,0.013173
0.005000,4.056514,11.320587,3.320998,3.670709,-2.990812,0.053111,0.013286
0.005000,4.074791,11.320831,3.339277,3.655757,-2.990545,0.053476,0.013399
0.005000,4.092994,11.321076,3.357481,3.640805,-2.990280,0.052899,0.013512
0.005000,4.111121,11.321322,3.375610,3.625855,-2.990019,0.052146,0.013625
0.005000,4.129174,11.321569,3.393665,3.610906,-2.989755,0.052812,0.013737
0.005000,4.147152,11.321817,3.411644,3.595959,-2.989493,0.052376,0.013850
0.005000,4.165056,11.322066,3.429549,3.581013,-2.989233,0.052025,0.013963
0.005000,4.182884,11.322316,3.447380,3.566068,-2.988976,0.051522,0.014075
0.005000,4.200638,11.322567,3.465135,3.551124,-2.988718,0.051470,0.014188
0.005000,4.218317,11.322819,3.482816,3.536182,-2.988459,0.051754,0.014300
0.005000,4.235922,11.323071,3.500423,3.521241,-2.988204,0.051158,0.014413
0.005000,4.253451,11.323325,3.517954,3.506301,-2.987949,0.050940,0.014525
0.005000,4.270906,11.323580,3.535411,3.491363,-2.987695,0.050723,0.014637
0.005000,4.288286,11.323835,3.552793,3.476426,-2.987443,0.050473,0.014749
0.005000,4.305592,11.324091,3.570100,3.461490,-2.987194,0.049845,0.014862
0.005000,4.322823,11.324348,3.587333,3.446555,-2.986941,0.050577,0.014974
0.005000,4.339979,11.324606,3.604491,3.431621,-2.986692,0.049866,0.015085
0.005000,4.357060,11.324865,3.621575,3.416689,-2.986443,0.049651,0.015197
0.005000,4.374067,11.325124,3.638584,3.401758,-2.986196,0.049436,0.015309
0.005000,4.390999,11.325384,3.655518,3.386829,-2.985950,0.049222,0.015420
0.005000,4.407857,11.325645,3.672377,3.371900,-2.985705,0.049009,0.015532
0.005000,4.424640,11.325907,3.689162,3.356973,-2.985461,0.048796,0.015643
0.005000,4.441348,11.326169,3.705872,3.342047,-2.985218,0.048583,0.015754
0.005000,4.457981,11.326432,3.722508,3.327122,-2.984976,0.048371,0.015866
0.005000,4.474540,11.326696,3.739069,3.312198,-2.984735,0.048160,0.015976
0.005000,4.491025,11.326960,3.755555,3.297276,-2.984496,0.047949,0.016087
0.005000,4.507434,11.327225,3.771967,3.282354,-2.984257,0.047739,0.016198
0.005000,4.523769,11.327491,3.788304,3.267434,-2.984019,0.047529,0.016308
0.005000,4.540030,11.327757,3.804567,3.252515,-2.983783,0.047319,0.016419
0.005000,4.556215,11.328023,3.820755,3.237598,-2.983547,0.047111,0.016529
0.005000,4.572327,11.328291,3.836868,3.222681,-2.983313,0.046903,0.016639
0.005000,4.588363,11.328558,3.852907,3.207766,-2.983083,0.045884,0.016749
0.005000,4.604325,11.328827,3.868871,3.192851,-2.982848,0.046967,0.016858
0.005000,4.620213,11.329095,3.884761,3.177938,-2.982616,0.046439,0.016968
0.005000,4.636025,11.329364,3.900576,3.163026,-2.982386,0.046067,0.017077
0.005000,4.651764,11.329634,3.916317,3.148116,-2.982157,0.045862,0.017186
0.005000,4.667427,11.329904,3.931983,3.133206,-2.981928,0.045657,0.017295
0.005000,4.683017,11.330175,3.947574,3.118297,-2.981705,0.044570,0.017404
0.005000,4.698531,11.330446,3.963091,3.103390,-2.981481,0.044924,0.017512
0.005000,4.713971,11.330717,3.978534,3.088484,-2.981251,0.046026,0.017621
0.005000,4.729337,11.330988,3.993901,3.073579,-2.981027,0.044836,0.017729
0.005000,4.744628,11.331260,4.009195,3.058675,-2.980805,0.044405,0.017837
0.005000,4.759844,11.331533,4.024414,3.043772,-2.980594,0.042066,0.017944
0.005000,4.774986,11.331805,4.039558,3.028870,-2.980361,0.046561,0.018052
0.005000,4.790053,11.332078,4.054628,3.013969,-2.980141,0.044025,0.018159
0.005000,4.805046,11.332351,4.069623,2.999069,-2.979931,0.041972,0.018266
0.005000,4.819965,11.332624,4.084544,2.984171,-2.979713,0.043626,0.018372
0.005000,4.834808,11.332898,4.099390,2.969273,-2.979488,0.044976,0.018479
0.005000,4.849578,11.333172,4.114162,2.954377,-2.979282,0.041300,0.018585
0.005000,4.864273,11.333446,4.128860,2.939482,-2.979070,0.042467,0.018691
0.005000,4.878893,11.333720,4.143483,2.924587,-2.978845,0.044976,0.018797
0.005000,4.893439,11.333994,4.158031,2.909694,-2.978649,0.039125,0.018902
0.005000,4.907910,11.334268,4.172505,2.894802,-2.978428,0.044244,0.019008
0.005000,4.922307,11.334543,4.186905,2.879911,-2.978216,0.042400,0.019112
0.005000,4.936630,11.334817,4.201230,2.865021,-2.978022,0.038682,0.019217
0.005000,4.950878,11.335092,4.215480,2.850132,-2.977793,0.045967,0.019322
0.005000,4.965051,11.335366,4.229657,2.835244,-2.977612,0.036080,0.019426
0.005000,4.979150,11.335641,4.243758,2.820357,-2.977382,0.045973,0.019529
0.005000,4.993175,11.335916,4.257786,2.805471,-2.977198,0.036929,0.019633
0.005000,5.007125,11.336190,4.271739,2.790586,-2.976979,0.043785,0.019736
0.005000,5.021001,11.336465,4.285617,2.775702,-2.976791,0.037588,0.019839
0.005000,5.034802,11.336739,4.299421,2.760819,-2.976576,0.043021,0.019942
0.005000,5.048529,11.337014,4.313151,2.745937,-2.976392,0.036755,0.020044
0.005000,5.062182,11.337288,4.326806,2.731056,-2.976173,0.043826,0.020146
0.005000,5.075760,11.337563,4.340387,2.716176,-2.976001,0.034287,0.020248
0.005000,5.089264,11.337837,4.353894,2.701297,-2.975775,0.045176,0.020349
0.005000,5.102693,11.338111,4.367326,2.686419,-2.975608,0.033540,0.020450
0.005000,5.116048,11.338385,4.380683,2.671542,-2.975393,0.043039,0.020551
0.005000,5.129328,11.338658,4.393967,2.656666,-2.975205,0.037565,0.020651
0.005000,5.142535,11.338932,4.407176,2.641791,-2.975023,0.036318,0.020751
0.005000,5.155666,11.339205,4.420310,2.626917,-2.974812,0.042271,0.020851
0.005000,5.168724,11.339478,4.433371,2.612044,-2.974641,0.034229,0.020951
0.005000,5.181707,11.339750,4.446356,2.597172,-2.974445,0.039129,0.021050
0.005000,5.194615,11.340023,4.459268,2.582301,-2.974246,0.039707,0.021148
0.005000,5.207450,11.340295,4.472105,2.567430,-2.974076,0.034075,0.021247
0.005000,5.220209,11.340567,4.484868,2.552561,-2.973886,0.038000,0.021345
0.005000,5.232895,11.340838,4.497556,2.537692,-2.973691,0.039084,0.021442
0.005000,5.245506,11.341109,4.510170,2.522825,-2.973510,0.036180,0.021540
0.005000,5.258043,11.341380,4.522710,2.507958,-2.973348,0.032444,0.021637
0.005000,5.270506,11.341650,4.535176,2.493092,-2.973144,0.040644,0.021733
0.005000,5.282894,11.341920,4.547567,2.478228,-2.972965,0.035952,0.021829
0.005000,5.295208,11.342190,4.559884,2.463364,-2.972786,0.035739,0.021925
0.005000,5.307447,11.342459,4.572126,2.448500,-2.972624,0.032350,0.022021
0.005000,5.319612,11.342727,4.584294,2.433638,-2.972435,0.037926,0.022116
0.005000,5.331703,11.342995,4.596388,2.418777,-2.972255,0.035857,0.022210
0.005000,5.343720,11.343263,4.608408,2.403917,-2.972081,0.034900,0.022305
0.005000,5.355662,11.343530,4.620353,2.389057,-2.971907,0.034689,0.022398
0.005000,5.367530,11.343796,4.632224,2.374198,-2.971735,0.034480,0.022492
0.005000,5.379324,11.344062,4.644021,2.359341,-2.971573,0.032351,0.022585
0.005000,5.391043,11.344327,4.655743,2.344484,-2.971395,0.035601,0.022678
0.005000,5.402689,11.344592,4.667391,2.329627,-2.971223,0.034471,0.022770
0.005000,5.414259,11.344856,4.678965,2.314772,-2.971055,0.033654,0.022862
0.005000,5.425756,11.345119,4.690465,2.299918,-2.970887,0.033447,0.022953
0.005000,5.437178,11.345382,4.701890,2.285064,-2.970721,0.033240,0.023044
0.005000,5.448526,11.345644,4.713241,2.270211,-2.970556,0.033034,0.023135
0.005000,5.459800,11.345905,4.724518,2.255359,-2.970392,0.032829,0.023225
0.005000,5.471000,11.346166,4.735721,2.240508,-2.970229,0.032624,0.023315
0.005000,5.482125,11.346426,4.746849,2.225658,-2.970067,0.032420,0.023404
0.005000,5.493176,11.346685,4.757903,2.210808,-2.969905,0.032216,0.023493
0.005000,5.504153,11.346944,4.768883,2.195960,-2.969745,0.032013,0.023581
0.005000,5.515055,11.347201,4.779788,2.181112,-2.969586,0.031811,0.023669
0.005000,5.525883,11.347458,4.790620,2.166265,-2.969428,0.031609,0.023757
0.005000,5.536637,11.347714,4.801377,2.151418,-2.969271,0.031408,0.023844
0.005000,5.547317,11.347969,4.812060,2.136573,-2.969115,0.031207,0.023930
0.005000,5.557923,11.348223,4.822668,2.121728,-2.968960,0.031007,0.024017
0.005000,5.568454,11.348477,4.833203,2.106884,-2.968806,0.030807,0.024102
0.005000,5.578911,11.348729,4.843663,2.092041,-2.968653,0.030609,0.024188
0.005000,5.589294,11.348981,4.854049,2.077198,-2.968517,0.027177,0.024272
0.005000,5.599603,11.349232,4.864361,2.062356,-2.968352,0.032994,0.024357
0.005000,5.609838,11.349481,4.874598,2.047515,-2.968202,0.030062,0.024441
0.005000,5.619998,11.349730,4.884761,2.032675,-2.968053,0.029810,0.024524
0.005000,5.630084,11.349978,4.894851,2.017835,-2.967905,0.029614,0.024607
0.005000,5.640096,11.350225,4.904866,2.002997,-2.967758,0.029419,0.024690
0.005000,5.650034,11.350471,4.914806,1.988158,-2.967638,0.024016,0.024771
0.005000,5.659897,11.350716,4.924673,1.973321,-2.967470,0.033444,0.024853
0.005000,5.669687,11.350959,4.934465,1.958484,-2.967325,0.029171,0.024934
0.005000,5.679402,11.351202,4.944184,1.943649,-2.967181,0.028635,0.025014
0.005000,5.689043,11.351444,4.953828,1.928813,-2.967063,0.023638,0.025095
0.005000,5.698610,11.351684,4.963398,1.913979,-2.966912,0.030220,0.025174
0.005000,5.708103,11.351923,4.972893,1.899145,-2.966760,0.030397,0.025253
0.005000,5.717521,11.352162,4.982315,1.884312,-2.966628,0.026434,0.025332
0.005000,5.726865,11.352399,4.991662,1.869479,-2.966520,0.021631,0.025410
0.005000,5.736136,11.352635,5.000936,1.854647,-2.966348,0.034420,0.025487
0.005000,5.745332,11.352870,5.010135,1.839816,-2.966218,0.025994,0.025564
0.005000,5.754454,11.353103,5.019260,1.824986,-2.966120,0.019451,0.025641
0.005000,5.763501,11.353336,5.028310,1.810156,-2.965944,0.035285,0.025717
0.005000,5.772475,11.353567,5.037287,1.795327,-2.965834,0.022103,0.025792
0.005000,5.781375,11.353797,5.046190,1.780498,-2.965713,0.024110,0.025867
0.005000,5.790200,11.354025,5.055018,1.765671,-2.965549,0.032778,0.025942
0.005000,5.798951,11.354253,5.063772,1.750843,-2.965476,0.014540,0.026015
0.005000,5.807628,11.354479,5.072452,1.736017,-2.965296,0.036046,0.026089
0.005000,5.816231,11.354704,5.081058,1.721191,-2.965205,0.018242,0.026162
0.005000,5.824760,11.354927,5.089590,1.706365,-2.965063,0.028400,0.026234
0.005000,5.833215,11.355149,5.098048,1.691541,-2.964945,0.023586,0.026306
0.005000,5.841596,11.355370,5.106431,1.676716,-2.964826,0.023781,0.026377
0.005000,5.849902,11.355590,5.114741,1.661893,-2.964697,0.025848,0.026448
0.005000,5.858135,11.355808,5.122976,1.647070,-2.964585,0.022309,0.026518
0.005000,5.866293,11.356024,5.131137,1.632248,-2.964461,0.024909,0.026588
0.005000,5.874377,11.356240,5.139224,1.617426,-2.964340,0.024102,0.026657
0.005000,5.882388,11.356453,5.147237,1.602605,-2.964237,0.020648,0.026725
0.005000,5.890324,11.356666,5.155176,1.587784,-2.964091,0.029281,0.026793
0.005000,5.898186,11.356877,5.163041,1.572964,-2.964026,0.012945,0.026861
0.005000,5.905974,11.357086,5.170832,1.558145,-2.963856,0.033974,0.026928
0.005000,5.913687,11.357294,5.178549,1.543326,-2.963788,0.013656,0.026994
0.005000,5.921327,11.357501,5.186191,1.528508,-2.963654,0.026666,0.027060
0.005000,5.928893,11.357706,5.193760,1.513690,-2.963526,0.025631,0.027125
0.005000,5.936384,11.357909,5.201254,1.498873,-2.963475,0.010231,0.027189
0.005000,5.943802,11.358111,5.208674,1.484056,-2.963311,0.032921,0.027254
0.005000,5.951145,11.358312,5.216020,1.469240,-2.963207,0.020796,0.027317
0.005000,5.958415,11.358511,5.223292,1.454424,-2.963150,0.011216,0.027380
0.005000,5.965610,11.358708,5.230491,1.439609,-2.962996,0.030960,0.027442
0.005000,5.972732,11.358904,5.237615,1.424795,-2.962893,0.020466,0.027504
0.005000,5.979779,11.359098,5.244664,1.409981,-2.962820,0.014738,0.027565
0.005000,5.986752,11.359290,5.251640,1.395167,-2.962707,0.022469,0.027626
0.005000,5.993651,11.359481,5.258542,1.380354,-2.962591,0.023355,0.027686
0.005000,6.000476,11.359670,5.265370,1.365542,-2.962492,0.019659,0.027745
0.005000,6.007227,11.359858,5.272123,1.350730,-2.962413,0.015776,0.027804
0.005000,6.013904,11.360044,5.278803,1.335918,-2.962315,0.019648,0.027863
0.005000,6.020507,11.360228,5.285409,1.321107,-2.962201,0.022749,0.027920
0.005000,6.027036,11.360410,5.291940,1.306297,-2.962107,0.018859,0.027977
0.005000,6.033491,11.360591,5.298397,1.291487,-2.962014,0.018658,0.028034
0.005000,6.039872,11.360770,5.304781,1.276677,-2.961921,0.018459,0.028090
0.005000,6.046179,11.360948,5.311090,1.261868,-2.961852,0.013954,0.028145
0.005000,6.052412,11.361123,5.317325,1.247059,-2.961740,0.022328,0.028200
0.005000,6.058570,11.361297,5.323487,1.232251,-2.961648,0.018337,0.028254
0.005000,6.064655,11.361469,5.329574,1.217443,-2.961560,0.017668,0.028308
0.005000,6.070666,11.361640,5.335587,1.202636,-2.961473,0.017470,0.028361
0.005000,6.076603,11.361808,5.341526,1.187829,-2.961386,0.017273,0.028413
0.005000,6.082465,11.361975,5.347391,1.173022,-2.961301,0.017076,0.028465
0.005000,6.088254,11.362140,5.353182,1.158216,-2.961217,0.016879,0.028516
0.005000,6.093969,11.362303,5.358899,1.143411,-2.961133,0.016683,0.028566
0.005000,6.099610,11.362464,5.364543,1.128605,-2.961051,0.016487,0.028616
0.005000,6.105176,11.362624,5.370112,1.113800,-2.960969,0.016292,0.028665
0.005000,6.110669,11.362782,5.375606,1.098996,-2.960889,0.016096,0.028714
0.005000,6.116088,11.362937,5.381027,1.084192,-2.960809,0.015902,0.028762
0.005000,6.121432,11.363091,5.386374,1.069388,-2.960731,0.015707,0.028810
0.005000,6.126703,11.363243,5.391647,1.054585,-2.960653,0.015513,0.028856
0.005000,6.131900,11.363393,5.396846,1.039782,-2.960577,0.015320,0.028903
0.005000,6.137023,11.363542,5.401971,1.024980,-2.960501,0.015127,0.028948
0.005000,6.142071,11.363688,5.407022,1.010178,-2.960426,0.014934,0.028993
0.005000,6.147046,11.363832,5.411999,0.995376,-2.960353,0.014741,0.029037
0.005000,6.151947,11.363975,5.416902,0.980574,-2.960280,0.014549,0.029081
0.005000,6.156774,11.364115,5.421731,0.965773,-2.960208,0.014357,0.029124
0.005000,6.161527,11.364254,5.426485,0.950973,-2.960156,0.010305,0.029167
0.005000,6.166206,11.364390,5.431166,0.936172,-2.960078,0.015681,0.029208
0.005000,6.170810,11.364525,5.435773,0.921372,-2.960001,0.015384,0.029250
0.005000,6.175341,11.364658,5.440306,0.906572,-2.959933,0.013588,0.029290
0.005000,6.179798,11.364788,5.444765,0.891773,-2.959866,0.013398,0.029330
0.005000,6.184181,11.364917,5.449150,0.876974,-2.959804,0.012416,0.029369
0.005000,6.188490,11.365044,5.453461,0.862175,-2.959775,0.005931,0.029408
0.005000,6.192725,11.365168,5.457698,0.847377,-2.959674,0.020128,0.029446
0.005000,6.196886,11.365291,5.461860,0.832579,-2.959611,0.012635,0.029483
0.005000,6.200974,11.365412,5.465949,0.817781,-2.959548,0.012446,0.029520
0.005000,6.204987,11.365530,5.469964,0.802983,-2.959541,0.001584,0.029556
0.005000,6.208926,11.365647,5.473905,0.788186,-2.959431,0.021966,0.029591
0.005000,6.212791,11.365761,5.477772,0.773389,-2.959370,0.012053,0.029626
0.005000,6.216583,11.365874,5.481565,0.758593,-2.959348,0.004448,0.029660
0.005000,6.220300,11.365984,5.485284,0.743796,-2.959284,0.012881,0.029694
0.005000,6.223943,11.366092,5.488929,0.729000,-2.959201,0.016555,0.029727
0.005000,6.227513,11.366198,5.492500,0.714204,-2.959188,0.002602,0.029759
0.005000,6.231008,11.366303,5.495997,0.699409,-2.959122,0.013183,0.029790
0.005000,6.234430,11.366405,5.499420,0.684613,-2.959040,0.016388,0.029821
0.005000,6.237777,11.366505,5.502769,0.669818,-2.959060,-0.004056,0.029851
0.005000,6.241051,11.366602,5.506044,0.655023,-2.958945,0.023077,0.029881
0.005000,6.244251,11.366698,5.509246,0.640229,-2.958928,0.003457,0.029910
0.005000,6.247376,11.366792,5.512373,0.625434,-2.958886,0.008343,0.029938
0.005000,6.250428,11.366883,5.515426,0.610640,-2.958809,0.015330,0.029966
0.005000,6.253406,11.366972,5.518405,0.595846,-2.958820,-0.002207,0.029993
0.005000,6.256310,11.367059,5.521310,0.581053,-2.958705,0.022998,0.030019
0.005000,6.259140,11.367144,5.524142,0.566259,-2.958748,-0.008525,0.030045
0.005000,6.261896,11.367227,5.526899,0.551466,-2.958616,0.026414,0.030070
0.005000,6.264578,11.367308,5.529582,0.536673,-2.958669,-0.010567,0.030094
0.005000,6.267187,11.367387,5.532192,0.521880,-2.958541,0.025532,0.030117
0.005000,6.269721,11.367463,5.534727,0.507087,-2.958583,-0.008287,0.030140
0.005000,6.272181,11.367537,5.537189,0.492294,-2.958481,0.020305,0.030163
0.005000,6.274568,11.367609,5.539576,0.477502,-2.958489,-0.001638,0.030184
0.005000,6.276880,11.367679,5.541890,0.462710,-2.958436,0.010688,0.030205
0.005000,6.279119,11.367747,5.544129,0.447918,-2.958389,0.009427,0.030226
0.005000,6.281283,11.367812,5.546295,0.433126,-2.958406,-0.003366,0.030245
0.005000,6.283374,11.367875,5.548387,0.418334,-2.958312,0.018767,0.030264
0.005000,6.285391,11.367937,5.550404,0.403543,-2.958328,-0.003345,0.030283
0.005000,6.287334,11.367995,5.552348,0.388751,-2.958287,0.008379,0.030300
0.005000,6.289203,11.368052,5.554218,0.373960,-2.958230,0.011232,0.030317
0.005000,6.290998,11.368107,5.556014,0.359169,-2.958252,-0.004377,0.030334
0.005000,6.292719,11.368159,5.557736,0.344378,-2.958201,0.010305,0.030349
0.005000,6.294366,11.368209,5.559384,0.329587,-2.958158,0.008602,0.030364
0.005000,6.295939,11.368257,5.560958,0.314796,-2.958160,-0.000441,0.030379
0.005000,6.297439,11.368302,5.562458,0.300006,-2.958148,0.002308,0.030392
0.005000,6.298864,11.368345,5.563884,0.285215,-2.958094,0.010929,0.030405
0.005000,6.300215,11.368387,5.565236,0.270425,-2.958075,0.003696,0.030418
0.005000,6.301493,11.368425,5.566514,0.255634,-2.958082,-0.001256,0.030429
0.005000,6.302697,11.368462,5.567718,0.240844,-2.958063,0.003806,0.030440
0.005000,6.303826,11.368497,5.568849,0.226054,-2.958023,0.007940,0.030451
0.005000,6.304882,11.368529,5.569905,0.211264,-2.958008,0.002928,0.030460
0.005000,6.305864,11.368559,5.570887,0.196474,-2.957994,0.002736,0.030469
0.005000,6.306772,11.368586,5.571796,0.181684,-2.957995,-0.000194,0.030478
0.005000,6.307606,11.368612,5.572630,0.166894,-2.957988,0.001552,0.030485
0.005000,6.308366,11.368635,5.573391,0.152104,-2.957956,0.006255,0.030492
0.005000,6.309053,11.368656,5.574077,0.137314,-2.957947,0.001969,0.030498
0.005000,6.309665,11.368675,5.574690,0.122525,-2.957938,0.001777,0.030504
0.005000,6.310203,11.368691,5.575228,0.107735,-2.957930,0.001586,0.030509
0.005000,6.310668,11.368705,5.575693,0.092945,-2.957923,0.001394,0.030513
0.005000,6.311059,11.368717,5.576084,0.078156,-2.957917,0.001203,0.030517
0.005000,6.311375,11.368727,5.576401,0.063366,-2.957912,0.001011,0.030520
0.005000,6.311618,11.368734,5.576644,0.048577,-2.957908,0.000820,0.030522
0.005000,6.311787,11.368739,5.576813,0.033787,-2.957904,0.000629,0.030523
0.005000,6.311888,11.368742,5.576914,0.020320,-2.693370,52.906869,0.030524
0.005000,6.311939,11.368744,5.576964,0.010025,-2.059099,126.854183,0.030525
0.005000,6.311956,11.368744,5.576982,0.003427,-1.319624,147.895116,0.030525
0.005000,6.311958,11.368745,5.576984,0.000526,-0.580148,147.895045,0.030525
0.005000,6.311958,11.368745,5.576984,0.000000,-0.105205,94.988598,0.030525
